{"train_losses": [0.1847852699300076, 0.1445806787369099, 0.12452505294312823, 0.10894668152991761, 0.10688552222353347, 0.0938288706414243, 0.08280838106540923, 0.08629662914479032, 0.07656119973101515, 0.06739604790159996, 0.06686760187149048, 0.06788606669040437, 0.05988961940116071, 0.049280816633650595, 0.05353362902681878, 0.04819099028059777, 0.0438998578076667, 0.041421752280377325, 0.04041939596546457, 0.03807688602741728], "valid_losses": [1.4244033520420392, 1.1314140787969034, 1.6369205092390378, 1.6235160507882636, 0.8859162591397762, 0.7823633899291357, 0.7884851737568775, 0.8217900342618426, 0.7855495335534215, 0.7128235700850686, 0.7490028205017248, 0.7679545246064663, 0.6681538118670384, 0.7756459806114435, 0.6794120284418265, 0.5419816312690576, 0.6175033549467722, 0.8400789747635523, 0.6629990904281536, 0.7663293924803535], "valid_accuracies": [0.49166666666666664, 0.6153333333333333, 0.5303333333333333, 0.5313333333333333, 0.7083333333333334, 0.7353333333333333, 0.7353333333333333, 0.7136666666666667, 0.7306666666666667, 0.7706666666666667, 0.7486666666666667, 0.745, 0.7796666666666666, 0.7426666666666667, 0.7723333333333333, 0.8076666666666666, 0.7993333333333333, 0.7413333333333333, 0.7913333333333333, 0.7793333333333333]}