{"train_losses": [0.07414274696093887, 0.05911496078281769, 0.049037495782888775, 0.04468746708908569, 0.036596296470302506, 0.033271895828785925, 0.028361744654458215, 0.025579172315628035, 0.021492999881061157, 0.023279238103041007, 0.01621447159632691], "valid_losses": [1.8161287409193971, 1.4612214337003993, 1.1665173131734767, 1.0593130192224016, 0.9015848975866398, 0.838546595516357, 0.9543742925879803, 0.8818212891829774, 0.9188999260795561, 1.0041011575054615, 0.8996306310625787], "valid_accuracies": [0.337, 0.495, 0.5756666666666667, 0.63, 0.6913333333333334, 0.7106666666666667, 0.6803333333333333, 0.703, 0.7173333333333334, 0.6963333333333334, 0.7293333333333333]}